firstname1,lastname1,test
firstname2,lastname2,test
firstname3,lastname3,test
firstname4,lastname4,test
firstname5,lastname5,test
firstname6,lastname6,test
firstname7,lastname7,test
firstname8,lastname8,test
firstname9,lastname9,test
firstname10,lastname10,test
firstname11,lastname11,test
firstname12,lastname12,test
firstname13,lastname13,test
firstname14,lastname14,test
firstname15,lastname15,test
firstname16,lastname16,test
firstname17,lastname17,test
firstname18,lastname18,test
firstname19,lastname19,test
firstname20,lastname20,test
firstname21,lastname21,test
firstname22,lastname22,test
firstname23,lastname23,test
firstname24,lastname24,test
firstname25,lastname25,test
firstname26,lastname26,test
firstname27,lastname27,test
firstname28,lastname28,test
firstname29,lastname29,test
firstname30,lastname30,test
firstname31,lastname31,test
firstname32,lastname32,test
firstname33,lastname33,test
firstname34,lastname34,test
firstname35,lastname35,test
firstname36,lastname36,test
firstname37,lastname37,test
firstname38,lastname38,test
firstname39,lastname39,test
firstname40,lastname40,test
firstname41,lastname41,test
firstname42,lastname42,test
firstname43,lastname43,test
firstname44,lastname44,test
firstname45,lastname45,test
firstname46,lastname46,test
firstname47,lastname47,test
firstname48,lastname48,test
firstname49,lastname49,test
firstname50,lastname50,test
firstname51,lastname51,test
firstname52,lastname52,test
firstname53,lastname53,test
firstname54,lastname54,test
firstname55,lastname55,test
firstname56,lastname56,test
firstname57,lastname57,test
firstname58,lastname58,test
firstname59,lastname59,test
firstname60,lastname60,test
firstname61,lastname61,test
firstname62,lastname62,test
firstname63,lastname63,test
firstname64,lastname64,test
firstname65,lastname65,test
firstname66,lastname66,test
firstname67,lastname67,test
firstname68,lastname68,test
firstname69,lastname69,test
firstname70,lastname70,test
firstname71,lastname71,test
firstname72,lastname72,test
firstname73,lastname73,test
firstname74,lastname74,test
firstname75,lastname75,test
firstname76,lastname76,test
firstname77,lastname77,test
firstname78,lastname78,test
firstname79,lastname79,test
firstname80,lastname80,test
firstname81,lastname81,test
firstname82,lastname82,test
firstname83,lastname83,test
firstname84,lastname84,test
firstname85,lastname85,test
firstname86,lastname86,test
firstname87,lastname87,test
firstname88,lastname88,test
firstname89,lastname89,test
firstname90,lastname90,test
firstname91,lastname91,test
firstname92,lastname92,test
firstname93,lastname93,test
firstname94,lastname94,test
firstname95,lastname95,test
firstname96,lastname96,test
firstname97,lastname97,test
firstname98,lastname98,test
firstname99,lastname99,test
firstname100,lastname100,test
firstname101,lastname101,test
firstname102,lastname102,test
firstname103,lastname103,test
firstname104,lastname104,test
firstname105,lastname105,test
firstname106,lastname106,test
firstname107,lastname107,test
firstname108,lastname108,test
firstname109,lastname109,test
firstname110,lastname110,test
firstname111,lastname111,test
firstname112,lastname112,test
firstname113,lastname113,test
firstname114,lastname114,test
firstname115,lastname115,test
firstname116,lastname116,test
firstname117,lastname117,test
firstname118,lastname118,test
firstname119,lastname119,test
firstname120,lastname120,test
firstname121,lastname121,test
firstname122,lastname122,test
firstname123,lastname123,test
firstname124,lastname124,test
firstname125,lastname125,test
firstname126,lastname126,test
firstname127,lastname127,test
firstname128,lastname128,test
firstname129,lastname129,test
firstname130,lastname130,test
firstname131,lastname131,test
firstname132,lastname132,test
firstname133,lastname133,test
firstname134,lastname134,test
firstname135,lastname135,test
firstname136,lastname136,test
firstname137,lastname137,test
firstname138,lastname138,test
firstname139,lastname139,test
firstname140,lastname140,test
firstname141,lastname141,test
firstname142,lastname142,test
firstname143,lastname143,test
firstname144,lastname144,test
firstname145,lastname145,test
firstname146,lastname146,test
firstname147,lastname147,test
firstname148,lastname148,test
firstname149,lastname149,test
firstname150,lastname150,test
firstname151,lastname151,test
firstname152,lastname152,test
firstname153,lastname153,test
firstname154,lastname154,test
firstname155,lastname155,test
firstname156,lastname156,test
firstname157,lastname157,test
firstname158,lastname158,test
firstname159,lastname159,test
firstname160,lastname160,test
firstname161,lastname161,test
firstname162,lastname162,test
firstname163,lastname163,test
firstname164,lastname164,test
firstname165,lastname165,test
firstname166,lastname166,test
firstname167,lastname167,test
firstname168,lastname168,test
firstname169,lastname169,test
firstname170,lastname170,test
firstname171,lastname171,test
firstname172,lastname172,test
firstname173,lastname173,test
firstname174,lastname174,test
firstname175,lastname175,test
firstname176,lastname176,test
firstname177,lastname177,test
firstname178,lastname178,test
firstname179,lastname179,test
firstname180,lastname180,test
firstname181,lastname181,test
firstname182,lastname182,test
firstname183,lastname183,test
firstname184,lastname184,test
firstname185,lastname185,test
firstname186,lastname186,test
firstname187,lastname187,test
firstname188,lastname188,test
firstname189,lastname189,test
firstname190,lastname190,test
firstname191,lastname191,test
firstname192,lastname192,test
firstname193,lastname193,test
firstname194,lastname194,test
firstname195,lastname195,test
firstname196,lastname196,test
firstname197,lastname197,test
firstname198,lastname198,test
firstname199,lastname199,test
firstname200,lastname200,test
firstname201,lastname201,test
firstname202,lastname202,test
firstname203,lastname203,test
firstname204,lastname204,test
firstname205,lastname205,test
firstname206,lastname206,test
firstname207,lastname207,test
firstname208,lastname208,test
firstname209,lastname209,test
firstname210,lastname210,test
firstname211,lastname211,test
firstname212,lastname212,test
firstname213,lastname213,test
firstname214,lastname214,test
firstname215,lastname215,test
firstname216,lastname216,test
firstname217,lastname217,test
firstname218,lastname218,test
firstname219,lastname219,test
firstname220,lastname220,test
firstname221,lastname221,test
firstname222,lastname222,test
firstname223,lastname223,test
firstname224,lastname224,test
firstname225,lastname225,test
firstname226,lastname226,test
firstname227,lastname227,test
firstname228,lastname228,test
firstname229,lastname229,test
firstname230,lastname230,test
firstname231,lastname231,test
firstname232,lastname232,test
firstname233,lastname233,test
firstname234,lastname234,test
firstname235,lastname235,test
firstname236,lastname236,test
firstname237,lastname237,test
firstname238,lastname238,test
firstname239,lastname239,test
firstname240,lastname240,test
firstname241,lastname241,test
firstname242,lastname242,test
firstname243,lastname243,test
firstname244,lastname244,test
firstname245,lastname245,test
firstname246,lastname246,test
firstname247,lastname247,test
firstname248,lastname248,test
firstname249,lastname249,test
firstname250,lastname250,test
firstname251,lastname251,test
firstname252,lastname252,test
firstname253,lastname253,test
firstname254,lastname254,test
firstname255,lastname255,test
firstname256,lastname256,test
firstname257,lastname257,test
firstname258,lastname258,test
firstname259,lastname259,test
firstname260,lastname260,test
firstname261,lastname261,test
firstname262,lastname262,test
firstname263,lastname263,test
firstname264,lastname264,test
firstname265,lastname265,test
firstname266,lastname266,test
firstname267,lastname267,test
firstname268,lastname268,test
firstname269,lastname269,test
firstname270,lastname270,test
firstname271,lastname271,test
firstname272,lastname272,test
firstname273,lastname273,test
firstname274,lastname274,test
firstname275,lastname275,test
firstname276,lastname276,test
firstname277,lastname277,test
firstname278,lastname278,test
firstname279,lastname279,test
firstname280,lastname280,test
firstname281,lastname281,test
firstname282,lastname282,test
firstname283,lastname283,test
firstname284,lastname284,test
firstname285,lastname285,test
firstname286,lastname286,test
firstname287,lastname287,test
firstname288,lastname288,test
firstname289,lastname289,test
firstname290,lastname290,test
firstname291,lastname291,test
firstname292,lastname292,test
firstname293,lastname293,test
firstname294,lastname294,test
firstname295,lastname295,test
firstname296,lastname296,test
firstname297,lastname297,test
firstname298,lastname298,test
firstname299,lastname299,test
firstname300,lastname300,test
firstname301,lastname301,test
firstname302,lastname302,test
firstname303,lastname303,test
firstname304,lastname304,test
firstname305,lastname305,test
firstname306,lastname306,test
firstname307,lastname307,test
firstname308,lastname308,test
firstname309,lastname309,test
firstname310,lastname310,test
firstname311,lastname311,test
firstname312,lastname312,test
firstname313,lastname313,test
firstname314,lastname314,test
firstname315,lastname315,test
firstname316,lastname316,test
firstname317,lastname317,test
firstname318,lastname318,test
firstname319,lastname319,test
firstname320,lastname320,test
firstname321,lastname321,test
firstname322,lastname322,test
firstname323,lastname323,test
firstname324,lastname324,test
firstname325,lastname325,test
firstname326,lastname326,test
firstname327,lastname327,test
firstname328,lastname328,test
firstname329,lastname329,test
firstname330,lastname330,test
firstname331,lastname331,test
firstname332,lastname332,test
firstname333,lastname333,test
firstname334,lastname334,test
firstname335,lastname335,test
firstname336,lastname336,test
firstname337,lastname337,test
firstname338,lastname338,test
firstname339,lastname339,test
firstname340,lastname340,test
firstname341,lastname341,test
firstname342,lastname342,test
firstname343,lastname343,test
firstname344,lastname344,test
firstname345,lastname345,test
firstname346,lastname346,test
firstname347,lastname347,test
firstname348,lastname348,test
firstname349,lastname349,test
firstname350,lastname350,test
firstname351,lastname351,test
firstname352,lastname352,test
firstname353,lastname353,test
firstname354,lastname354,test
firstname355,lastname355,test
firstname356,lastname356,test
firstname357,lastname357,test
firstname358,lastname358,test
firstname359,lastname359,test
firstname360,lastname360,test
firstname361,lastname361,test
firstname362,lastname362,test
firstname363,lastname363,test
firstname364,lastname364,test
firstname365,lastname365,test
firstname366,lastname366,test
firstname367,lastname367,test
firstname368,lastname368,test
firstname369,lastname369,test
firstname370,lastname370,test
firstname371,lastname371,test
firstname372,lastname372,test
firstname373,lastname373,test
firstname374,lastname374,test
firstname375,lastname375,test
firstname376,lastname376,test
firstname377,lastname377,test
firstname378,lastname378,test
firstname379,lastname379,test
firstname380,lastname380,test
firstname381,lastname381,test
firstname382,lastname382,test
firstname383,lastname383,test
firstname384,lastname384,test
firstname385,lastname385,test
firstname386,lastname386,test
firstname387,lastname387,test
firstname388,lastname388,test
firstname389,lastname389,test
firstname390,lastname390,test
firstname391,lastname391,test
firstname392,lastname392,test
firstname393,lastname393,test
firstname394,lastname394,test
firstname395,lastname395,test
firstname396,lastname396,test
firstname397,lastname397,test
firstname398,lastname398,test
firstname399,lastname399,test
firstname400,lastname400,test
